<workbench>
 <!--plug-in> ====== stefan gen-PlugIns ===== </plug-in-->
 <plug-in>mapgen.ui.onselecteditems.BuildingSpreadNarrowPartsPlugIn</plug-in>
 <plug-in>mapgen.ui.onselecteditems.EnlargeBuildingToRectanglePlugIn</plug-in> 
 <plug-in>mapgen.ui.onselecteditems.SquareBuildingPlugIn</plug-in>  
 <plug-in>mapgen.ui.onselecteditems.EliminateSmallBuildingsPlugIn</plug-in>  
 <plug-in>mapgen.ui.onselecteditems.EliminatePointsInLineOfBuildingPlugIn</plug-in>  
 <plug-in>mapgen.ui.onselecteditems.SimplifyOutlineSelectedBuildingPlugIn</plug-in>  
 <plug-in>mapgen.ui.onselecteditems.SimplifyBuildingToRectanglePlugIn</plug-in> 
 <plug-in>mapgen.ui.onselecteditems.ChangeElongationSelectedBuildingPlugIn</plug-in>
 <plug-in>mapgen.ui.onselecteditems.DisplaceLinesPlugIn</plug-in>  
 <plug-in>mapgen.ui.onselecteditems.LineSmoothSimpleVersionPlugIn</plug-in>
 <plug-in>mapgen.ui.onselecteditems.LineSimplifyJTS15AlgorithmPlugIn</plug-in>
 <plug-in>mapgen.ui.onselecteditems.MergeSelectedPolygonsPlugIn</plug-in>  
 <!--plug-in> ====== Michaels gen-PlugIns ===== </plug-in-->
 <plug-in>fr.michaelm.jump.plugin.smooth.BezierSmootherPlugIn</plug-in>  
 <!--plug-in> ====== Larrys gen-PlugIns ===== </plug-in-->
 <plug-in>com.isa.jump.plugin.OrthogonalizePlugIn</plug-in>
</workbench>
